pdb_id,polymorph_name,disease_association,protofilament_count,source_type,citation,notes
6A6B,cryo-em structure of alpha-synuclein fiber,,,recombinant in-vitro,"Cell Res., 2018 (PDB 6A6B)",Resolution 3.07 A. Auto-classified from deposited title; verify before citing in formal write-up.
6L1U,phosphorylated,,,recombinant in-vitro,"Proc.Natl.Acad.Sci.USA, 2020 (PDB 6L1U)",Resolution 3.37 A. Auto-classified from deposited title; verify before citing in formal write-up.
6L4S,E46K,,,recombinant in-vitro (hereditary mutant),"Nat Commun, 2020 (PDB 6L4S)",Resolution 3.37 A. Auto-classified from deposited title; verify before citing in formal write-up.
6L1T,phosphorylated,,,recombinant in-vitro,"Proc.Natl.Acad.Sci.USA, 2020 (PDB 6L1T)",Resolution 3.22 A. Auto-classified from deposited title; verify before citing in formal write-up.
6LRQ,A53T fibril,Parkinson's Disease (hereditary A53T),,manually verified,"Cell Res., 2020 (PDB 6LRQ)","Original, most-studied familial PD mutation Resolution 3.49 A."
10XU,Structure of amplified aSyn filament by using seed amplifica,Multiple System Atrophy,,patient-derived,"Nat Commun, 2025 (PDB 10XU)",Resolution 3.18 A. Auto-classified from deposited title; verify before citing in formal write-up.
6CU7,Rod,In-vitro (not disease-specific),,manually verified,"Nat Commun, 2018 (PDB 6CU7)",Interface at residues 50-57 Resolution 3.5 A.
6CU8,Twister,In-vitro (not disease-specific),,manually verified,"Nat Commun, 2018 (PDB 6CU8)",Interface at residues 66-78; overlaps OligoSense NAC epitope Resolution 3.6 A.
6OSJ,N-acetylated,,,recombinant in-vitro,"J.Mol.Biol., 2019 (PDB 6OSJ)",Resolution 2.8 A. Auto-classified from deposited title; verify before citing in formal write-up.
6H6B,Structure of alpha-synuclein fibrils,,,recombinant in-vitro,"Elife, 2018 (PDB 6H6B)",Resolution 3.4 A. Auto-classified from deposited title; verify before citing in formal write-up.
6PES,H50Q Wide Fibril,Parkinson's Disease (hereditary H50Q),,manually verified,"Nat.Struct.Mol.Biol., 2019 (PDB 6PES)",Two asymmetric protofilaments Resolution 3.6 A.
6SSX,Polymorph 2A,,,recombinant in-vitro,"Elife, 2019 (PDB 6SSX)",Resolution 2.98 A. Auto-classified from deposited title; verify before citing in formal write-up.
6SST,Polymorph 2B,,,recombinant in-vitro,"Elife, 2019 (PDB 6SST)",Resolution 3.4 A. Auto-classified from deposited title; verify before citing in formal write-up.
6XYO,MSA Type I,Multiple System Atrophy,,manually verified,"Nature, 2020 (PDB 6XYO)",Resolution 2.6 A.
6OSM,Truncated construct,,,recombinant in-vitro,"J.Mol.Biol., 2019 (PDB 6OSM)",Resolution 3.4 A. Auto-classified from deposited title; verify before citing in formal write-up.
6OSL,Truncated construct,,,recombinant in-vitro,"J.Mol.Biol., 2019 (PDB 6OSL)",Resolution 3.0 A. Auto-classified from deposited title; verify before citing in formal write-up.
6RTB,Polymorph 2B,,,recombinant in-vitro,"Elife, 2019 (PDB 6RTB)",Resolution 3.46 A. Auto-classified from deposited title; verify before citing in formal write-up.
6PEO,H50Q Narrow Fibril,Parkinson's Disease (hereditary H50Q),,manually verified,"Nat.Struct.Mol.Biol., 2019 (PDB 6PEO)",Single protofilament Resolution 3.3 A.
6RT0,Polymorph 2A,,,recombinant in-vitro,"Elife, 2019 (PDB 6RT0)",Resolution 3.1 A. Auto-classified from deposited title; verify before citing in formal write-up.
6UFR,E46K fibril,Dementia with Lewy Bodies (hereditary E46K),,manually verified,"Proc.Natl.Acad.Sci.USA, 2020 (PDB 6UFR)",Only hereditary mutation clinically closer to DLB than PD Resolution 2.5 A.
6XYP,MSA Type II-1,Multiple System Atrophy,,manually verified,"Nature, 2020 (PDB 6XYP)",Resolution 3.29 A.
7C1D,E46K,,,in-vitro seeded,"Proc.Natl.Acad.Sci.USA, 2021 (PDB 7C1D)",Resolution 3.8 A. Auto-classified from deposited title; verify before citing in formal write-up.
6XYQ,MSA Type II-2,Multiple System Atrophy,,manually verified,"Nature, 2020 (PDB 6XYQ)",Resolution 3.09 A.
7E0F,G51D fibril,Parkinson's Disease / MSA (hereditary G51D),,manually verified,"Nat Commun, 2021 (PDB 7E0F)",Resolution 3.02 A.
7L7H,Alpha-synuclein fibrils,,,recombinant in-vitro,To Be Published (PDB 7L7H),Resolution 4.0 A. Auto-classified from deposited title; verify before citing in formal write-up.
7LC9,N/C-terminal truncation (41-140),,,recombinant in-vitro,"Proc.Natl.Acad.Sci.USA, 2021 (PDB 7LC9)",Resolution 3.2 A. Auto-classified from deposited title; verify before citing in formal write-up.
7NCA,MSA-seeded Type 1A,Multiple System Atrophy (in-vitro seeded),,manually verified,"Febs Open Bio, 2021 (PDB 7NCA)",Seeded from MSA patient Case 2 Resolution 3.47 A.
7NCH,MSA-seeded Type 1B,Multiple System Atrophy (in-vitro seeded),,manually verified,"Febs Open Bio, 2021 (PDB 7NCH)",Seeded from MSA patient Case 1 Resolution 3.84 A.
7NCG,MSA-seeded Type 2A,Multiple System Atrophy (in-vitro seeded),,manually verified,"Febs Open Bio, 2021 (PDB 7NCG)",Seeded from MSA patient Case 2 Resolution 3.43 A.
7NCI,MSA-seeded Type 2B,Multiple System Atrophy (in-vitro seeded),,manually verified,"Febs Open Bio, 2021 (PDB 7NCI)",Seeded from MSA patient Case 1 Resolution 3.55 A.
7NCK,MSA-seeded Type 3,Multiple System Atrophy (in-vitro seeded),,manually verified,"Febs Open Bio, 2021 (PDB 7NCK)",Seeded from MSA patient Case 5 Resolution 3.18 A.
7NCJ,MSA-seeded Type 2AB,Multiple System Atrophy (in-vitro seeded),,manually verified,"Febs Open Bio, 2021 (PDB 7NCJ)",Seeded from MSA patient Case 1 Resolution 4.23 A.
7OZG,"PMCA-amplified alpha-synuclein fibril polymorph, Parkinson's",Parkinson's Disease,,patient-derived,To Be Published (PDB 7OZG),Resolution 3.3 A. Auto-classified from deposited title; verify before citing in formal write-up.
7OZH,"PMCA-amplified alpha-synuclein fibril polymorph, Multiple Sy",Multiple System Atrophy,,patient-derived,To Be Published (PDB 7OZH),Resolution 3.02 A. Auto-classified from deposited title; verify before citing in formal write-up.
7STX,Non-fibril complex (verify relevance before use),,,recombinant in-vitro,Not Published (PDB 7STX),Resolution 3.14 A. Auto-classified from deposited title; verify before citing in formal write-up.
7UAK,A53E,,,recombinant in-vitro (hereditary mutant),"J.Biol.Chem., 2023 (PDB 7UAK)",Resolution 3.38 A. Auto-classified from deposited title; verify before citing in formal write-up.
7V49,Type 4,Parkinson's Disease,,patient-derived,"Structure, 2023 (PDB 7V49)",Resolution 3.4 A. Auto-classified from deposited title; verify before citing in formal write-up.
7V47,Type 1A,Parkinson's Disease,,patient-derived,"Structure, 2023 (PDB 7V47)",Resolution 2.8 A. Auto-classified from deposited title; verify before citing in formal write-up.
7V48,Type 1D,Parkinson's Disease,,patient-derived,"Structure, 2023 (PDB 7V48)",Resolution 3.0 A. Auto-classified from deposited title; verify before citing in formal write-up.
7V4A,Polymorph 1,,,recombinant in-vitro,To Be Published (PDB 7V4A),Resolution 3.2 A. Auto-classified from deposited title; verify before citing in formal write-up.
7V4C,Polymorph 4,,,recombinant in-vitro,To Be Published (PDB 7V4C),Resolution 3.3 A. Auto-classified from deposited title; verify before citing in formal write-up.
7V4D,Heparin-induced fibril,,,recombinant in-vitro,To Be Published (PDB 7V4D),Resolution 3.5 A. Auto-classified from deposited title; verify before citing in formal write-up.
7V4B,Polymorph 3,,,recombinant in-vitro,To Be Published (PDB 7V4B),Resolution 3.1 A. Auto-classified from deposited title; verify before citing in formal write-up.
7WMM,Non-fibril complex (verify relevance before use),,,recombinant in-vitro,To Be Published (PDB 7WMM),Resolution 2.6 A. Auto-classified from deposited title; verify before citing in formal write-up.
7WO0,A53T,,,recombinant in-vitro (hereditary mutant),To Be Published (PDB 7WO0),Resolution 2.7 A. Auto-classified from deposited title; verify before citing in formal write-up.
7WNZ,A53T,,,recombinant in-vitro (hereditary mutant),To Be Published (PDB 7WNZ),Resolution 3.4 A. Auto-classified from deposited title; verify before citing in formal write-up.
7XJX,The cryo-EM structure of Fe3+ induced alpha-syn fibril.,,,recombinant in-vitro,"J.Mol.Biol., 2023 (PDB 7XJX)",Resolution 2.7 A. Auto-classified from deposited title; verify before citing in formal write-up.
7XO1,Polymorph In,Parkinson's Disease,,patient-derived,"Structure, 2023 (PDB 7XO1)",Resolution 3.0 A. Auto-classified from deposited title; verify before citing in formal write-up.
7XO0,Polymorph Inalpha,Parkinson's Disease,,patient-derived,"Structure, 2023 (PDB 7XO0)",Resolution 3.0 A. Auto-classified from deposited title; verify before citing in formal write-up.
7XO2,Polymorph In,Parkinson's Disease,,patient-derived,"Structure, 2023 (PDB 7XO2)",Resolution 3.0 A. Auto-classified from deposited title; verify before citing in formal write-up.
7XO3,Type 1C,Parkinson's Disease,,patient-derived,"Structure, 2023 (PDB 7XO3)",Resolution 2.6 A. Auto-classified from deposited title; verify before citing in formal write-up.
7YK2,Cryo-EM structure of Apo-alpha-syn fibril,,,recombinant in-vitro,"J.Am.Chem.Soc., 2023 (PDB 7YK2)",Resolution 2.8 A. Auto-classified from deposited title; verify before citing in formal write-up.
7YK8,Cryo-EM structure of dLAG3-alpha-syn fibril,,,recombinant in-vitro,"J.Am.Chem.Soc., 2023 (PDB 7YK8)",Resolution 2.8 A. Auto-classified from deposited title; verify before citing in formal write-up.
7YNF,CCA-bound fibril,,,manually verified,To Be Published (PDB 7YNF),"Amyloid dye-binding study, not disease-derived Resolution 2.5 A."
7YNG,CR-bound fibril,,,recombinant in-vitro,To Be Published (PDB 7YNG),Resolution 3.1 A. Auto-classified from deposited title; verify before citing in formal write-up.
7YNL,EB-bound fibril,,,recombinant in-vitro,To Be Published (PDB 7YNL),Resolution 2.6 A. Auto-classified from deposited title; verify before citing in formal write-up.
7YNN,ThT-bound fibril,,,recombinant in-vitro,To Be Published (PDB 7YNN),Resolution 2.9 A. Auto-classified from deposited title; verify before citing in formal write-up.
7YNM,ThT-bound fibril,,,recombinant in-vitro,To Be Published (PDB 7YNM),Resolution 2.9 A. Auto-classified from deposited title; verify before citing in formal write-up.
7YNO,PiB-bound fibril,,,recombinant in-vitro,To Be Published (PDB 7YNO),Resolution 2.8 A. Auto-classified from deposited title; verify before citing in formal write-up.
7YNP,BF227-bound fibril,,,recombinant in-vitro,To Be Published (PDB 7YNP),Resolution 2.8 A. Auto-classified from deposited title; verify before citing in formal write-up.
7YNQ,PiB-bound fibril,,,recombinant in-vitro,To Be Published (PDB 7YNQ),Resolution 2.8 A. Auto-classified from deposited title; verify before citing in formal write-up.
7YNR,C05-03-bound fibril,,,recombinant in-vitro,To Be Published (PDB 7YNR),Resolution 2.9 A. Auto-classified from deposited title; verify before citing in formal write-up.
7YNS,SIL5-bound fibril,,,recombinant in-vitro,To Be Published (PDB 7YNS),Resolution 3.0 A. Auto-classified from deposited title; verify before citing in formal write-up.
7YNT,pFTAA-bound fibril,,,manually verified,To Be Published (PDB 7YNT),"Amyloid dye-binding study, not disease-derived Resolution 3.1 A."
8A4L,Polymorph L2A,,,recombinant in-vitro,"Nat Commun, 2022 (PDB 8A4L)",Resolution 2.68 A. Auto-classified from deposited title; verify before citing in formal write-up.
8A9L,Lewy fold,Parkinson's Disease / PDD / DLB,,manually verified,"Nature, 2022 (PDB 8A9L)",Single protofilament; only 3 chains deposited -- requires --matched-depth for fair comparison Resolution 2.2 A.
8ADS,Polymorph L2B,,,recombinant in-vitro,"Nat Commun, 2022 (PDB 8ADS)",Resolution 3.05 A. Auto-classified from deposited title; verify before citing in formal write-up.
8ADU,Polymorph L1A,,,recombinant in-vitro,"Nat Commun, 2022 (PDB 8ADU)",Resolution 3.24 A. Auto-classified from deposited title; verify before citing in formal write-up.
8ADV,Polymorph L1B,,,recombinant in-vitro,"Nat Commun, 2022 (PDB 8ADV)",Resolution 2.98 A. Auto-classified from deposited title; verify before citing in formal write-up.
8ADW,Polymorph L1C,,,recombinant in-vitro,"Nat Commun, 2022 (PDB 8ADW)",Resolution 2.95 A. Auto-classified from deposited title; verify before citing in formal write-up.
8AEX,Polymorph L3A,,,recombinant in-vitro,"Nat Commun, 2022 (PDB 8AEX)",Resolution 2.76 A. Auto-classified from deposited title; verify before citing in formal write-up.
8BQW,Cryo-EM structure of alpha-synuclein filaments doublet from ,Juvenile-onset synucleinopathy,,recombinant in-vitro,"Acta Neuropathol, 2023 (PDB 8BQW)",Resolution 2.3 A. Auto-classified from deposited title; verify before citing in formal write-up.
8BQV,Cryo-EM structure of alpha-synuclein singlet filament from J,Juvenile-onset synucleinopathy,,recombinant in-vitro,"Acta Neuropathol, 2023 (PDB 8BQV)",Resolution 2.0 A. Auto-classified from deposited title; verify before citing in formal write-up.
8CE7,Type1 alpha-synuclein filament assembled in vitro by wild-ty,,,recombinant in-vitro,"Acta Neuropathol, 2023 (PDB 8CE7)",Resolution 2.7 A. Auto-classified from deposited title; verify before citing in formal write-up.
8CEB,Type2 alpha-synuclein filament assembled in vitro by wild-ty,,,recombinant in-vitro,"Acta Neuropathol, 2023 (PDB 8CEB)",Resolution 2.8 A. Auto-classified from deposited title; verify before citing in formal write-up.
8CYR,Alpha-synuclein fibril from spontaneous control,,,recombinant in-vitro,To Be Published (PDB 8CYR),Resolution 4.2 A. Auto-classified from deposited title; verify before citing in formal write-up.
8CYV,CryoEM structures of amplified alpha-synuclein fibril class ,,,patient-derived,To Be Published (PDB 8CYV),Resolution 3.5 A. Auto-classified from deposited title; verify before citing in formal write-up.
8CYS,CryoEM structures of amplified alpha-synuclein fibril class ,,,patient-derived,To Be Published (PDB 8CYS),Resolution 3.1 A. Auto-classified from deposited title; verify before citing in formal write-up.
8CYT,CryoEM structures of amplified alpha-synuclein fibril class ,,,patient-derived,To Be Published (PDB 8CYT),Resolution 3.0 A. Auto-classified from deposited title; verify before citing in formal write-up.
8CYW,CryoEM structures of amplified alpha-synuclein fibril class ,,,patient-derived,To Be Published (PDB 8CYW),Resolution 3.1 A. Auto-classified from deposited title; verify before citing in formal write-up.
8CYX,CryoEM structure of amplified alpha-synuclein fibril class A,,,patient-derived,To Be Published (PDB 8CYX),Resolution 3.0 A. Auto-classified from deposited title; verify before citing in formal write-up.
8CYY,CryoEM structure of amplified alpha-synuclein fibril class B,,,patient-derived,To Be Published (PDB 8CYY),Resolution 3.1 A. Auto-classified from deposited title; verify before citing in formal write-up.
8CZ0,CryoEM structure of amplified alpha-synuclein fibril class B,,,patient-derived,To Be Published (PDB 8CZ0),Resolution 2.9 A. Auto-classified from deposited title; verify before citing in formal write-up.
8CZ1,CryoEM structure of amplified alpha-synuclein fibril class B,,,patient-derived,To Be Published (PDB 8CZ1),Resolution 3.0 A. Auto-classified from deposited title; verify before citing in formal write-up.
8CZ2,CryoEM structure of amplified alpha-synuclein fibril class A,,,patient-derived,To Be Published (PDB 8CZ2),Resolution 3.0 A. Auto-classified from deposited title; verify before citing in formal write-up.
8CZ3,CryoEM structure of amplified alpha-synuclein fibril class B,,,patient-derived,To Be Published (PDB 8CZ3),Resolution 3.2 A. Auto-classified from deposited title; verify before citing in formal write-up.
8G0L,Non-fibril complex (verify relevance before use),,,recombinant in-vitro,"J.Am.Chem.Soc., 2023 (PDB 8G0L)",Resolution 3.39 A. Auto-classified from deposited title; verify before citing in formal write-up.
8CZ6,CryoEM structure of amplified alpha-synuclein fibril class A,,,patient-derived,To Be Published (PDB 8CZ6),Resolution 3.2 A. Auto-classified from deposited title; verify before citing in formal write-up.
8GF7,O-GlcNAc glycosylated,,,recombinant in-vitro,"Nat.Chem.Biol., 2024 (PDB 8GF7)",Resolution 4.8 A. Auto-classified from deposited title; verify before citing in formal write-up.
8H03,Polymorph In,Parkinson's Disease,,patient-derived,"Structure, 2023 (PDB 8H03)",Resolution 2.8 A. Auto-classified from deposited title; verify before citing in formal write-up.
8H05,Polymorph In,Parkinson's Disease,,patient-derived,"Structure, 2023 (PDB 8H05)",Resolution 3.4 A. Auto-classified from deposited title; verify before citing in formal write-up.
8H04,Polymorph In,Parkinson's Disease,,patient-derived,"Structure, 2023 (PDB 8H04)",Resolution 3.0 A. Auto-classified from deposited title; verify before citing in formal write-up.
8HZB,Heparin-induced fibril,,,recombinant in-vitro,To Be Published (PDB 8HZB),Resolution 3.2 A. Auto-classified from deposited title; verify before citing in formal write-up.
8HZC,Heparin-induced fibril,,,recombinant in-vitro,To Be Published (PDB 8HZC),Resolution 3.2 A. Auto-classified from deposited title; verify before citing in formal write-up.
8HZS,Heparin-induced fibril,,,recombinant in-vitro,To Be Published (PDB 8HZS),Resolution 3.3 A. Auto-classified from deposited title; verify before citing in formal write-up.
8JEX,Cryo-EM structure of alpha-synuclein gS87 fibril,,,recombinant in-vitro,"Nat Commun, 2024 (PDB 8JEX)",Resolution 3.1 A. Auto-classified from deposited title; verify before citing in formal write-up.
8OQI,Cryo-EM structure of the wild-type alpha-synuclein fibril.,,,recombinant in-vitro,"Brain, 2024 (PDB 8OQI)",Resolution 3.1 A. Auto-classified from deposited title; verify before citing in formal write-up.
8JEY,Cryo-EM structure of alpha-synuclein pS87 fibril,,,recombinant in-vitro,"Nat Commun, 2024 (PDB 8JEY)",Resolution 2.6 A. Auto-classified from deposited title; verify before citing in formal write-up.
8PIX,Polymorph Of,,,recombinant in-vitro,"Elife, 2024 (PDB 8PIX)",Resolution 3.41 A. Auto-classified from deposited title; verify before citing in formal write-up.
8PJO,E46K Polymorph Of,,,recombinant in-vitro (hereditary mutant),"Elife, 2024 (PDB 8PJO)",Resolution 2.31 A. Auto-classified from deposited title; verify before citing in formal write-up.
8PK2,Polymorph Of,,,recombinant in-vitro,"Elife, 2024 (PDB 8PK2)",Resolution 3.26 A. Auto-classified from deposited title; verify before citing in formal write-up.
8PK4,Polymorph Of,,,recombinant in-vitro,"Elife, 2024 (PDB 8PK4)",Resolution 3.3 A. Auto-classified from deposited title; verify before citing in formal write-up.
8QPZ,CryoEM structure of recombinant DeltaN7 alpha-synuclein in P,,,recombinant in-vitro,"Proc.Natl.Acad.Sci.USA, 2024 (PDB 8QPZ)",Resolution 2.5 A. Auto-classified from deposited title; verify before citing in formal write-up.
8RI9,Late alpha-Synuclein fibril structure from liquid-liquid pha,,,recombinant in-vitro,"J.Am.Chem.Soc., 2024 (PDB 8RI9)",Resolution 3.3 A. Auto-classified from deposited title; verify before citing in formal write-up.
8RQM,Alpha-synuclein amyloid fibrils,,,recombinant in-vitro,"Commun Biol, 2025 (PDB 8RQM)",Resolution 3.2 A. Auto-classified from deposited title; verify before citing in formal write-up.
8RRR,Alpha-synuclein amyloid fibril,,,recombinant in-vitro,"Commun Biol, 2025 (PDB 8RRR)",Resolution 3.4 A. Auto-classified from deposited title; verify before citing in formal write-up.
8X7L,E46K EB-bound fibril,,,recombinant in-vitro (hereditary mutant),"Proc.Natl.Acad.Sci.USA, 2024 (PDB 8X7L)",Resolution 3.4 A. Auto-classified from deposited title; verify before citing in formal write-up.
8X7B,E46K ThT-bound fibril,,,recombinant in-vitro (hereditary mutant),"Proc.Natl.Acad.Sci.USA, 2024 (PDB 8X7B)",Resolution 3.0 A. Auto-classified from deposited title; verify before citing in formal write-up.
8X7O,E46K PiB-bound fibril,,,recombinant in-vitro (hereditary mutant),"Proc.Natl.Acad.Sci.USA, 2024 (PDB 8X7O)",Resolution 3.5 A. Auto-classified from deposited title; verify before citing in formal write-up.
8X7M,E46K CR-bound fibril,,,recombinant in-vitro (hereditary mutant),"Proc.Natl.Acad.Sci.USA, 2024 (PDB 8X7M)",Resolution 3.0 A. Auto-classified from deposited title; verify before citing in formal write-up.
8X7P,E46K CCA-bound fibril,,,recombinant in-vitro (hereditary mutant),"Proc.Natl.Acad.Sci.USA, 2024 (PDB 8X7P)",Resolution 2.7 A. Auto-classified from deposited title; verify before citing in formal write-up.
8X7R,E46K C05-03-bound fibril,,,recombinant in-vitro (hereditary mutant),"Proc.Natl.Acad.Sci.USA, 2024 (PDB 8X7R)",Resolution 3.0 A. Auto-classified from deposited title; verify before citing in formal write-up.
8X7Q,E46K pFTAA-bound fibril,,,recombinant in-vitro (hereditary mutant),"Proc.Natl.Acad.Sci.USA, 2024 (PDB 8X7Q)",Resolution 2.7 A. Auto-classified from deposited title; verify before citing in formal write-up.
8XWD,Croy-EM structure of alpha synuclein fibril with EGCG,,,recombinant in-vitro,"Adv Sci, 2025 (PDB 8XWD)",Resolution 3.1 A. Auto-classified from deposited title; verify before citing in formal write-up.
8Y2P,The cryo-EM structure of a-synuclein fibril in Tris buffer.,,,recombinant in-vitro,"J.Biol.Chem., 2024 (PDB 8Y2P)",Resolution 3.2 A. Auto-classified from deposited title; verify before citing in formal write-up.
8Y2Q,The cryo-EM structure of spermine induced a-synuclein fibril,,,recombinant in-vitro,"J.Biol.Chem., 2024 (PDB 8Y2Q)",Resolution 2.8 A. Auto-classified from deposited title; verify before citing in formal write-up.
8ZLI,E46K BTA-2-bound fibril,,,recombinant in-vitro (hereditary mutant),"Proc.Natl.Acad.Sci.USA, 2024 (PDB 8ZLI)",Resolution 3.4 A. Auto-classified from deposited title; verify before citing in formal write-up.
8ZLO,E46K F0502B-bound fibril,,,recombinant in-vitro (hereditary mutant),"Proc.Natl.Acad.Sci.USA, 2024 (PDB 8ZLO)",Resolution 3.1 A. Auto-classified from deposited title; verify before citing in formal write-up.
8ZMY,Polymorph 5A,,,recombinant in-vitro,"Proc.Natl.Acad.Sci.USA, 2024 (PDB 8ZMY)",Resolution 2.9 A. Auto-classified from deposited title; verify before citing in formal write-up.
8ZLP,Polymorph 5A,,,recombinant in-vitro,"Proc.Natl.Acad.Sci.USA, 2024 (PDB 8ZLP)",Resolution 3.5 A. Auto-classified from deposited title; verify before citing in formal write-up.
8ZWH,E46K Heparin-induced fibril,,,recombinant in-vitro (hereditary mutant),To Be Published (PDB 8ZWH),Resolution 2.5 A. Auto-classified from deposited title; verify before citing in formal write-up.
8ZWI,Chondroitin sulfate bound alpha-synuclein fibril,,,recombinant in-vitro,To Be Published (PDB 8ZWI),Resolution 3.0 A. Auto-classified from deposited title; verify before citing in formal write-up.
8ZWJ,Polymorph 1,,,recombinant in-vitro,To Be Published (PDB 8ZWJ),Resolution 3.1 A. Auto-classified from deposited title; verify before citing in formal write-up.
8ZWK,Polymorph 2,,,recombinant in-vitro,To Be Published (PDB 8ZWK),Resolution 3.4 A. Auto-classified from deposited title; verify before citing in formal write-up.
9C5R,Structure of recombinantly assembled alpha-synuclein variant,,,recombinant in-vitro,"J.Biol.Chem., 2025 (PDB 9C5R)",Resolution 2.61 A. Auto-classified from deposited title; verify before citing in formal write-up.
9CD9,Structure of type II-2 alpha-synuclein filament from multipl,Multiple System Atrophy,,recombinant in-vitro,"Febs Lett., 2025 (PDB 9CD9)",Resolution 3.2 A. Auto-classified from deposited title; verify before citing in formal write-up.
9CDA,Structure of type I-2 alpha-synuclein filament from multiple,Multiple System Atrophy,,recombinant in-vitro,"Febs Lett., 2025 (PDB 9CDA)",Resolution 3.3 A. Auto-classified from deposited title; verify before citing in formal write-up.
9CK3,Cryo-EM structure of in-vitro alpha-synuclein fibril,,,recombinant in-vitro,"Bio Protoc, 2025 (PDB 9CK3)",Resolution 2.04 A. Auto-classified from deposited title; verify before citing in formal write-up.
9D5C,O-GlcNAc glycosylated,,,recombinant in-vitro,"Nat.Chem.Biol., 2024 (PDB 9D5C)",Resolution 4.8 A. Auto-classified from deposited title; verify before citing in formal write-up.
9CKK,A53T Polymorph A,,,recombinant in-vitro (hereditary mutant),"Biorxiv, 2024 (PDB 9CKK)",Resolution 2.21 A. Auto-classified from deposited title; verify before citing in formal write-up.
9CX6,Cryo-EM filament structure in FTLD-synuclein,,,recombinant in-vitro,"Neuropathol Appl Neurobiol, 2025 (PDB 9CX6)",Resolution 3.2 A. Auto-classified from deposited title; verify before citing in formal write-up.
9E8U,(Apo)Alpha-synuclein fibril structures from MSA patient brai,Multiple System Atrophy,,patient-derived,To Be Published (PDB 9E8U),Resolution 2.6 A. Auto-classified from deposited title; verify before citing in formal write-up.
9CKL,A53T Polymorph B,,,recombinant in-vitro (hereditary mutant),"Biorxiv, 2024 (PDB 9CKL)",Resolution 2.68 A. Auto-classified from deposited title; verify before citing in formal write-up.
9E8V,Non-fibril complex (verify relevance before use),Multiple System Atrophy,,recombinant in-vitro,To Be Published (PDB 9E8V),Resolution 3.0 A. Auto-classified from deposited title; verify before citing in formal write-up.
9E8W,Non-fibril complex (verify relevance before use),Multiple System Atrophy,,recombinant in-vitro,To Be Published (PDB 9E8W),Resolution 2.8 A. Auto-classified from deposited title; verify before citing in formal write-up.
9E9X,Cryo-EM structure of alpha-synuclein filaments derived from ,Multiple System Atrophy,,patient-derived,"Commun Biol, 2025 (PDB 9E9X)",Resolution 3.2 A. Auto-classified from deposited title; verify before citing in formal write-up.
9E8X,Non-fibril complex (verify relevance before use),Multiple System Atrophy,,recombinant in-vitro,To Be Published (PDB 9E8X),Resolution 2.8 A. Auto-classified from deposited title; verify before citing in formal write-up.
9E8Y,Non-fibril complex (verify relevance before use),Multiple System Atrophy,,recombinant in-vitro,To Be Published (PDB 9E8Y),Resolution 2.9 A. Auto-classified from deposited title; verify before citing in formal write-up.
9EUU,Structure of recombinant alpha-synuclein fibrils 1B capable ,,,in-vitro seeded,"Nature, 2025 (PDB 9EUU)",Resolution 1.93 A. Auto-classified from deposited title; verify before citing in formal write-up.
9HC6,The L2A-I alpha-synuclein fibril in the presence of MODAG-00,,,recombinant in-vitro,"Biorxiv, 2025 (PDB 9HC6)",Resolution 2.79 A. Auto-classified from deposited title; verify before citing in formal write-up.
9HC9,The L2A-I alpha-synuclein fibril in the presence of MODAG-00,,,recombinant in-vitro,"Biorxiv, 2025 (PDB 9HC9)",Resolution 2.76 A. Auto-classified from deposited title; verify before citing in formal write-up.
9HC7,The L2A-II alpha-synuclein fibril in the presence of MODAG-0,,,recombinant in-vitro,"Biorxiv, 2025 (PDB 9HC7)",Resolution 2.85 A. Auto-classified from deposited title; verify before citing in formal write-up.
9FYP,Polymorph Of,,,recombinant in-vitro,"Elife, 2024 (PDB 9FYP)",Resolution 2.23 A. Auto-classified from deposited title; verify before citing in formal write-up.
9HC8,The L2C alpha-synuclein fibril in the presence of MODAG-005 ,,,recombinant in-vitro,"Biorxiv, 2025 (PDB 9HC8)",Resolution 2.82 A. Auto-classified from deposited title; verify before citing in formal write-up.
9HXA,K58N,,,recombinant in-vitro (hereditary mutant),"Medrxiv, 2025 (PDB 9HXA)",Resolution 3.7 A. Auto-classified from deposited title; verify before citing in formal write-up.
9HCA,The L2A-II alpha-synuclein fibril in the presence of MODAG-0,,,recombinant in-vitro,"Biorxiv, 2025 (PDB 9HCA)",Resolution 2.7 A. Auto-classified from deposited title; verify before citing in formal write-up.
9IC7,Cryo-EM structure of alpha-synuclein fibrils formed in artif,,,patient-derived,"Adv Sci, 2026 (PDB 9IC7)",Resolution 2.9 A. Auto-classified from deposited title; verify before citing in formal write-up.
9IJP,Polyphosphate bound alpha-synuclein fibril,,,recombinant in-vitro,To Be Published (PDB 9IJP),Resolution 3.1 A. Auto-classified from deposited title; verify before citing in formal write-up.
9JBY,A53T/G51D/K58W N-acetylated,,,recombinant in-vitro (hereditary mutant),To Be Published (PDB 9JBY),Resolution 3.49 A. Auto-classified from deposited title; verify before citing in formal write-up.
9HGS,G14R,,,recombinant in-vitro (hereditary mutant),"Medrxiv, 2025 (PDB 9HGS)",Resolution 3.0 A. Auto-classified from deposited title; verify before citing in formal write-up.
9HGR,In vitro grown WT Alpha-Synuclein Fibrils,,,recombinant in-vitro,"Mol Neurodegener, 2025 (PDB 9HGR)",Resolution 2.7 A. Auto-classified from deposited title; verify before citing in formal write-up.
9HCB,The L2C alpha-synuclein fibril in the presence of MODAG-005 ,,,recombinant in-vitro,"Biorxiv, 2025 (PDB 9HCB)",Resolution 2.95 A. Auto-classified from deposited title; verify before citing in formal write-up.
9JC3,A53T/G51D N-acetylated,,,recombinant in-vitro (hereditary mutant),To Be Published (PDB 9JC3),Resolution 2.39 A. Auto-classified from deposited title; verify before citing in formal write-up.
9JC4,A53T/G51D N-acetylated,,,recombinant in-vitro (hereditary mutant),To Be Published (PDB 9JC4),Resolution 2.95 A. Auto-classified from deposited title; verify before citing in formal write-up.
9JC5,A53T/G51D N-acetylated,,,recombinant in-vitro (hereditary mutant),To Be Published (PDB 9JC5),Resolution 3.23 A. Auto-classified from deposited title; verify before citing in formal write-up.
9JDK,A53T/G51D N-acetylated,,,recombinant in-vitro (hereditary mutant),To Be Published (PDB 9JDK),Resolution 3.32 A. Auto-classified from deposited title; verify before citing in formal write-up.
9JE2,A53T/G51D/K58N N-acetylated,,,recombinant in-vitro (hereditary mutant),To Be Published (PDB 9JE2),Resolution 3.06 A. Auto-classified from deposited title; verify before citing in formal write-up.
9JD8,A53T/G51D N-acetylated,,,recombinant in-vitro (hereditary mutant),To Be Published (PDB 9JD8),Resolution 3.86 A. Auto-classified from deposited title; verify before citing in formal write-up.
9JD7,A53T/G51D N-acetylated,,,recombinant in-vitro (hereditary mutant),To Be Published (PDB 9JD7),Resolution 3.57 A. Auto-classified from deposited title; verify before citing in formal write-up.
9JE4,A53T/G51D/E57A N-acetylated,,,recombinant in-vitro (hereditary mutant),To Be Published (PDB 9JE4),Resolution 3.37 A. Auto-classified from deposited title; verify before citing in formal write-up.
9JE7,A53T/G51D/E57Q N-acetylated,,,recombinant in-vitro (hereditary mutant),To Be Published (PDB 9JE7),Resolution 3.36 A. Auto-classified from deposited title; verify before citing in formal write-up.
9JE6,A53T/G51D N-acetylated,,,recombinant in-vitro (hereditary mutant),To Be Published (PDB 9JE6),Resolution 3.43 A. Auto-classified from deposited title; verify before citing in formal write-up.
9JE8,A53T/G51D N-acetylated,,,recombinant in-vitro (hereditary mutant),To Be Published (PDB 9JE8),Resolution 3.6 A. Auto-classified from deposited title; verify before citing in formal write-up.
9JI8,Cryo-EM structure of alpha-synuclein-H21 fibril,,,recombinant in-vitro,To Be Published (PDB 9JI8),Resolution 2.85 A. Auto-classified from deposited title; verify before citing in formal write-up.
9KA3,A53T/G51D/K58D N-acetylated,,,recombinant in-vitro (hereditary mutant),To Be Published (PDB 9KA3),Resolution 2.72 A. Auto-classified from deposited title; verify before citing in formal write-up.
9JKE,A53T/G51D/K58W N-acetylated,,,recombinant in-vitro (hereditary mutant),To Be Published (PDB 9JKE),Resolution 3.4 A. Auto-classified from deposited title; verify before citing in formal write-up.
9KAL,A53T/G51D/E57A N-acetylated,,,recombinant in-vitro (hereditary mutant),To Be Published (PDB 9KAL),Resolution 3.36 A. Auto-classified from deposited title; verify before citing in formal write-up.
9KA4,The cryo-EM structure of MSA-like fold (P1) formed under the,,,recombinant in-vitro,To Be Published (PDB 9KA4),Resolution 3.42 A. Auto-classified from deposited title; verify before citing in formal write-up.
9KC2,ZSQ07-bound fibril,,,recombinant in-vitro,To Be Published (PDB 9KC2),Resolution 2.9 A. Auto-classified from deposited title; verify before citing in formal write-up.
9KCO,FD4-bound fibril,,,recombinant in-vitro,To Be Published (PDB 9KCO),Resolution 3.1 A. Auto-classified from deposited title; verify before citing in formal write-up.
9KCN,FD4-bound fibril,,,recombinant in-vitro,To Be Published (PDB 9KCN),Resolution 2.6 A. Auto-classified from deposited title; verify before citing in formal write-up.
9KCP,ACI-12589-bound fibril,,,recombinant in-vitro,To Be Published (PDB 9KCP),Resolution 2.7 A. Auto-classified from deposited title; verify before citing in formal write-up.
9M5K,The cryo-EM structure of in situ amplified (ISA) alpha-synuc,,,patient-derived,To Be Published (PDB 9M5K),Resolution 3.1 A. Auto-classified from deposited title; verify before citing in formal write-up.
9M5L,The cryo-EM structure of in situ amplified (ISA) alpha-synuc,,,patient-derived,To Be Published (PDB 9M5L),Resolution 3.27 A. Auto-classified from deposited title; verify before citing in formal write-up.
9O9J,G51D,Parkinson's Disease,,recombinant in-vitro (hereditary mutant),To Be Published (PDB 9O9J),Resolution 2.3 A. Auto-classified from deposited title; verify before citing in formal write-up.
9O4B,Cryo-EM structure of in-vitro alpha-synuclein fibril bound w,,,recombinant in-vitro,To Be Published (PDB 9O4B),Resolution 2.59 A. Auto-classified from deposited title; verify before citing in formal write-up.
9O9K,H50Q,Parkinson's Disease,,recombinant in-vitro (hereditary mutant),To Be Published (PDB 9O9K),Resolution 2.9 A. Auto-classified from deposited title; verify before citing in formal write-up.
9OBP,Cryo-EM structure of alpha-synuclein filaments derived from ,Multiple System Atrophy,,patient-derived,"Commun Biol, 2025 (PDB 9OBP)",Resolution 2.5 A. Auto-classified from deposited title; verify before citing in formal write-up.
9QYL,Polymorph In,,,recombinant in-vitro,"Adv Sci, 2025 (PDB 9QYL)",Resolution 3.08 A. Auto-classified from deposited title; verify before citing in formal write-up.
9QYN,Polymorph In,,,recombinant in-vitro,"Adv Sci, 2025 (PDB 9QYN)",Resolution 3.13 A. Auto-classified from deposited title; verify before citing in formal write-up.
9RB3,A53T Type 1,,,recombinant in-vitro (hereditary mutant),"Neuron, 2026 (PDB 9RB3)",Resolution 3.4 A. Auto-classified from deposited title; verify before citing in formal write-up.
9RB7,Type 1,,,recombinant in-vitro,"Neuron, 2026 (PDB 9RB7)",Resolution 3.45 A. Auto-classified from deposited title; verify before citing in formal write-up.
9RB6,A53T Type 2,,,recombinant in-vitro (hereditary mutant),"Neuron, 2026 (PDB 9RB6)",Resolution 3.02 A. Auto-classified from deposited title; verify before citing in formal write-up.
9RB8,Type 3,,,recombinant in-vitro,"Neuron, 2026 (PDB 9RB8)",Resolution 3.64 A. Auto-classified from deposited title; verify before citing in formal write-up.
9RB9,Type 3,,,recombinant in-vitro,"Neuron, 2026 (PDB 9RB9)",Resolution 3.04 A. Auto-classified from deposited title; verify before citing in formal write-up.
9RBA,Type 4,,,recombinant in-vitro,"Neuron, 2026 (PDB 9RBA)",Resolution 3.54 A. Auto-classified from deposited title; verify before citing in formal write-up.
9RBB,Type 5,,,recombinant in-vitro,"Neuron, 2026 (PDB 9RBB)",Resolution 3.15 A. Auto-classified from deposited title; verify before citing in formal write-up.
9TPT,Structure of recombinantly assembled E83Q alpha-synuclein fi,,,recombinant in-vitro,To Be Published (PDB 9TPT),Resolution 3.43 A. Auto-classified from deposited title; verify before citing in formal write-up.
9UF6,BA1-1-bound fibril,,,recombinant in-vitro,To Be Published (PDB 9UF6),Resolution 2.9 A. Auto-classified from deposited title; verify before citing in formal write-up.
9UFD,BA12-bound fibril,,,recombinant in-vitro,To Be Published (PDB 9UFD),Resolution 2.7 A. Auto-classified from deposited title; verify before citing in formal write-up.
9UFF,BA21-bound fibril,,,recombinant in-vitro,To Be Published (PDB 9UFF),Resolution 2.6 A. Auto-classified from deposited title; verify before citing in formal write-up.
9UFL,BA22-bound fibril,,,recombinant in-vitro,To Be Published (PDB 9UFL),Resolution 2.6 A. Auto-classified from deposited title; verify before citing in formal write-up.
9UFS,BA23-bound fibril,,,recombinant in-vitro,To Be Published (PDB 9UFS),Resolution 2.7 A. Auto-classified from deposited title; verify before citing in formal write-up.
9UFX,HA11-bound fibril,,,recombinant in-vitro,To Be Published (PDB 9UFX),Resolution 2.6 A. Auto-classified from deposited title; verify before citing in formal write-up.
9UFY,HA21-bound fibril,,,recombinant in-vitro,To Be Published (PDB 9UFY),Resolution 3.2 A. Auto-classified from deposited title; verify before citing in formal write-up.
9UG0,HA31-bound fibril,,,recombinant in-vitro,To Be Published (PDB 9UG0),Resolution 3.1 A. Auto-classified from deposited title; verify before citing in formal write-up.
9UG1,HA32-bound fibril,,,recombinant in-vitro,To Be Published (PDB 9UG1),Resolution 2.6 A. Auto-classified from deposited title; verify before citing in formal write-up.
9UJQ,HQY1027-bound fibril,,,recombinant in-vitro,To Be Published (PDB 9UJQ),Resolution 2.9 A. Auto-classified from deposited title; verify before citing in formal write-up.
9V6U,The cryo-EM structure of FD4 bound Lewy fold fibril.,,,recombinant in-vitro,To Be Published (PDB 9V6U),Resolution 3.3 A. Auto-classified from deposited title; verify before citing in formal write-up.
9V7C,The cryo-EM structure of FD4_orientation2 bound Lewy fold fi,,,recombinant in-vitro,To Be Published (PDB 9V7C),Resolution 3.3 A. Auto-classified from deposited title; verify before citing in formal write-up.
9Y0S,CryoEM structure of alpha-synuclein fibril induced by psycho,,,recombinant in-vitro,"Biorxiv, 2025 (PDB 9Y0S)",Resolution 2.72 A. Auto-classified from deposited title; verify before citing in formal write-up.
